CustomerID,FirstPurchase,LastPurchase,Frequency,TotalQty,UniqueProducts,Monetary,Country,RecencyDays,TenureDays,AvgBasketValue,AvgBasketSize,TotalLines,ReturnsRatio,Momentum30d,Churn_Probability,Churn_Prediction
10506,06/14/2025,06/14/2025,1,7,1,61.11,France,126,126,61.11,7,1,0,0,0.850008586,1
10689,05/31/2025,05/31/2025,1,3,1,72.51,France,140,140,72.51,3,1,0,0,0.847479452,1
10391,05/26/2025,05/26/2025,1,6,1,344.64,France,145,145,344.64,6,1,0,0,0.842454171,1
10194,06/12/2025,06/12/2025,1,3,1,51.54,Netherlands,128,128,51.54,3,1,0,0,0.836839279,1
10559,06/08/2025,06/08/2025,1,8,1,51.28,Netherlands,132,132,51.28,8,1,0,0,0.835724338,1
10454,06/01/2025,06/01/2025,1,6,1,67.8,Portugal,139,139,67.8,6,1,0,0,0.835673409,1
10993,06/03/2025,06/03/2025,1,8,1,84.24,Netherlands,137,137,84.24,8,1,0,0,0.833583033,1
10942,05/27/2025,05/27/2025,1,6,1,45.96,Spain,144,144,45.96,6,1,0,0,0.828795143,1
10771,06/03/2025,06/03/2025,1,4,1,355.4,Portugal,137,137,355.4,4,1,0,0,0.826684097,1
10844,06/01/2025,06/01/2025,1,5,1,124.85,Spain,139,139,124.85,5,1,0,0,0.825509138,1
10567,05/12/2025,05/12/2025,1,7,1,79.17,Italy,159,159,79.17,7,1,0,0,0.825298937,1
10664,05/15/2025,05/15/2025,1,6,1,61.44,United Kingdom,156,156,61.44,6,1,0,0,0.824338332,1
10872,06/09/2025,06/09/2025,1,8,1,142.4,Belgium,131,131,142.4,8,1,0,0,0.823707016,1
10091,05/10/2025,05/10/2025,1,4,1,63.36,Spain,161,161,63.36,4,1,0,0,0.823345952,1
10669,05/16/2025,05/16/2025,1,5,1,336.75,United Kingdom,155,155,336.75,5,1,0,0,0.822936259,1
10341,06/05/2025,06/05/2025,1,5,1,322.5,Belgium,135,135,322.5,5,1,0,0,0.822791418,1
10008,06/17/2025,06/17/2025,1,8,1,395.84,France,123,123,395.84,8,1,0,0,0.821795352,1
10467,05/20/2025,05/20/2025,1,5,1,485.25,United Kingdom,151,151,485.25,5,1,0,0,0.821334249,1
10940,05/16/2025,05/16/2025,1,5,1,415,Portugal,155,155,415,5,1,0,0,0.82091596,1
10413,06/13/2025,06/13/2025,1,4,1,37.04,Netherlands,127,127,37.04,4,1,0,0,0.820747799,1
10032,05/27/2025,05/27/2025,1,5,1,313.55,Spain,144,144,313.55,5,1,0,0,0.820620228,1
10532,06/14/2025,06/14/2025,1,7,1,248.71,France,126,126,248.71,7,1,0,0,0.820019109,1
10434,05/15/2025,05/15/2025,1,6,1,44.7,Italy,156,156,44.7,6,1,0,0,0.819957825,1
10036,04/22/2025,04/22/2025,1,7,1,478.66,Belgium,179,179,478.66,7,1,0,0,0.81971202,1
10838,04/26/2025,04/26/2025,1,7,1,360.78,Italy,175,175,360.78,7,1,0,0,0.81929651,1
10995,05/08/2025,05/08/2025,1,4,1,388.12,Belgium,163,163,388.12,4,1,0,0,0.81920329,1
10951,05/29/2025,05/29/2025,1,7,1,547.05,Spain,142,142,547.05,7,1,0,0,0.818641856,1
10254,05/19/2025,05/19/2025,1,5,1,42.95,Netherlands,152,152,42.95,5,1,0,0,0.81825031,1
10225,06/12/2025,06/12/2025,1,7,1,442.05,Italy,128,128,442.05,7,1,0,0,0.817795933,1
10593,06/18/2025,06/18/2025,1,3,1,45.84,Netherlands,122,122,45.84,3,1,0,0,0.817462495,1
10561,04/23/2025,04/23/2025,1,5,1,360.2,Belgium,178,178,360.2,5,1,0,0,0.817398801,1
10303,05/04/2025,05/04/2025,1,9,1,399.33,Spain,167,167,399.33,9,1,0,0,0.816403275,1
10288,05/09/2025,05/09/2025,1,5,1,95,Spain,162,162,95,5,1,0,0,0.816378795,1
10198,04/26/2025,04/26/2025,1,9,1,366.57,Belgium,175,175,366.57,9,1,0,0,0.816211445,1
10243,05/05/2025,05/05/2025,1,7,1,500.22,France,166,166,500.22,7,1,0,0,0.815175203,1
10521,05/01/2025,05/01/2025,1,4,1,113.12,Netherlands,170,170,113.12,4,1,0,0,0.814901629,1
10369,05/27/2025,05/27/2025,1,8,1,47.44,United Kingdom,144,144,47.44,8,1,0,0,0.814387676,1
10789,06/14/2025,06/14/2025,1,2,1,99.62,United Kingdom,126,126,99.62,2,1,0,0,0.814353326,1
10127,05/27/2025,05/27/2025,1,4,1,165.84,France,144,144,165.84,4,1,0,0,0.814039568,1
10493,04/29/2025,04/29/2025,1,6,1,299.76,France,172,172,299.76,6,1,0,0,0.813879304,1
10077,06/06/2025,06/06/2025,1,3,1,29.88,Netherlands,134,134,29.88,3,1,0,0,0.813546722,1
10181,05/06/2025,05/06/2025,1,6,1,485.76,Portugal,165,165,485.76,6,1,0,0,0.81270278,1
10028,06/16/2025,06/16/2025,1,6,1,146.88,Spain,124,124,146.88,6,1,0,0,0.812680505,1
10168,04/29/2025,04/29/2025,1,5,1,296,France,172,172,296,5,1,0,0,0.811957996,1
10827,06/07/2025,06/07/2025,1,6,1,189.84,Netherlands,133,133,189.84,6,1,0,0,0.811882269,1
10528,05/14/2025,05/14/2025,1,8,1,564,Netherlands,157,157,564,8,1,0,0,0.81185188,1
10411,06/15/2025,06/15/2025,1,9,1,391.41,Belgium,125,125,391.41,9,1,0,0,0.811303351,1
10864,06/15/2025,06/15/2025,1,9,1,360.09,Belgium,125,125,360.09,9,1,0,0,0.810749545,1
10260,05/18/2025,05/18/2025,1,8,1,147.84,Belgium,153,153,147.84,8,1,0,0,0.810366038,1
10780,06/14/2025,06/14/2025,1,3,1,169.62,Spain,126,126,169.62,3,1,0,0,0.810324473,1
10783,06/15/2025,06/15/2025,1,4,1,326.48,Netherlands,125,125,326.48,4,1,0,0,0.810230326,1
10877,04/22/2025,04/22/2025,1,2,1,141.62,Portugal,179,179,141.62,2,1,0,0,0.809874588,1
10284,05/13/2025,05/13/2025,1,9,1,583.83,Belgium,158,158,583.83,9,1,0,0,0.809830669,1
10702,04/23/2025,04/23/2025,1,2,1,116.12,Italy,178,178,116.12,2,1,0,0,0.809770472,1
10576,05/17/2025,05/17/2025,1,6,1,154.02,Portugal,154,154,154.02,6,1,0,0,0.809418795,1
10738,05/07/2025,05/07/2025,1,8,1,118.72,Netherlands,164,164,118.72,8,1,0,0,0.809183355,1
10044,04/27/2025,04/27/2025,1,7,1,654.57,France,174,174,654.57,7,1,0,0,0.808627222,1
10843,05/12/2025,05/12/2025,1,6,1,146.58,United Kingdom,159,159,146.58,6,1,0,0,0.808107098,1
10256,06/07/2025,06/07/2025,1,6,1,204.06,Portugal,133,133,204.06,6,1,0,0,0.807817971,1
10784,04/29/2025,04/29/2025,1,5,1,155,Portugal,172,172,155,5,1,0,0,0.807193904,1
10852,06/10/2025,06/10/2025,1,3,1,13.59,Italy,130,130,13.59,3,1,0,0,0.806743115,1
10858,05/06/2025,05/06/2025,1,4,1,192.6,France,165,165,192.6,4,1,0,0,0.805840262,1
10371,05/29/2025,05/29/2025,1,4,1,195.6,Portugal,142,142,195.6,4,1,0,0,0.805324095,1
10409,06/18/2025,06/18/2025,1,6,1,344.7,Portugal,122,122,344.7,6,1,0,0,0.80450279,1
10114,06/09/2025,06/09/2025,1,9,1,611.64,Portugal,131,131,611.64,9,1,0,0,0.804395791,1
10415,06/11/2025,06/11/2025,1,1,1,74.27,Spain,129,129,74.27,1,1,0,0,0.803098931,1
10682,04/23/2025,04/23/2025,1,8,1,308.56,United Kingdom,178,178,308.56,8,1,0,0,0.802248166,1
10302,05/31/2025,05/31/2025,1,2,1,164.22,Spain,140,140,164.22,2,1,0,0,0.802128483,1
10334,05/28/2025,05/28/2025,1,1,1,60.89,United Kingdom,143,143,60.89,1,1,0,0,0.801587216,1
10554,06/08/2025,06/08/2025,1,4,1,230.56,Netherlands,132,132,230.56,4,1,0,0,0.800898194,1
10390,05/25/2025,05/25/2025,1,5,1,263.8,Portugal,146,146,263.8,5,1,0,0,0.798661475,1
10026,06/16/2025,06/16/2025,1,6,1,251.1,Spain,124,124,251.1,6,1,0,0,0.798081102,1
10943,05/15/2025,05/15/2025,1,3,1,15.9,Belgium,156,156,15.9,3,1,0,0,0.797808765,1
10232,05/25/2025,05/25/2025,1,7,1,638.68,Netherlands,146,146,638.68,7,1,0,0,0.796780259,1
10592,05/30/2025,05/30/2025,1,7,1,438.76,Germany,141,141,438.76,7,1,0,0,0.796487607,1
10262,05/28/2025,05/28/2025,1,3,1,74.85,Germany,143,143,74.85,3,1,0,0,0.79534034,1
10121,05/16/2025,05/16/2025,1,8,1,250.72,Portugal,155,155,250.72,8,1,0,0,0.795325811,1
10949,05/04/2025,05/04/2025,1,2,1,14.46,Netherlands,167,167,14.46,2,1,0,0,0.794852909,1
10717,05/19/2025,05/19/2025,1,2,1,17.6,Italy,152,152,17.6,2,1,0,0,0.794106202,1
10543,06/11/2025,06/11/2025,1,5,1,470.15,Germany,129,129,470.15,5,1,0,0,0.794078532,1
10207,05/12/2025,05/12/2025,1,4,1,292.2,Belgium,159,159,292.2,4,1,0,0,0.79403474,1
10160,06/09/2025,06/09/2025,1,5,1,465.3,Germany,131,131,465.3,5,1,0,0,0.793698705,1
10255,04/25/2025,04/25/2025,1,4,1,14.36,Belgium,176,176,14.36,4,1,0,0,0.793463775,1
10703,05/12/2025,05/12/2025,1,8,1,215.52,Portugal,159,159,215.52,8,1,0,0,0.792717203,1
10011,06/06/2025,06/06/2025,1,4,1,337.32,Germany,134,134,337.32,4,1,0,0,0.792653942,1
10908,05/03/2025,05/03/2025,1,4,1,197.72,Italy,168,168,197.72,4,1,0,0,0.792465756,1
10377,05/08/2025,05/08/2025,1,4,1,242.92,Portugal,163,163,242.92,4,1,0,0,0.792408017,1
10777,08/18/2025,08/18/2025,1,6,1,53.76,Belgium,61,61,53.76,6,1,0,0,0.792196892,1
10045,05/25/2025,05/25/2025,1,9,1,487.71,Germany,146,146,487.71,9,1,0,0,0.792131571,1
10186,06/20/2025,06/20/2025,1,5,1,391.25,France,120,120,391.25,5,1,0,0,0.791096353,1
10202,05/12/2025,05/12/2025,1,5,1,450,Germany,159,159,450,5,1,0,0,0.791000728,1
10758,05/04/2025,05/04/2025,1,4,1,241.96,Portugal,167,167,241.96,4,1,0,0,0.790778119,1
10383,04/23/2025,04/23/2025,1,1,1,59.66,Belgium,178,178,59.66,1,1,0,0,0.790670718,1
10699,04/27/2025,04/27/2025,1,1,1,38.4,Italy,174,174,38.4,1,1,0,0,0.790493124,1
10882,05/18/2025,05/18/2025,1,3,1,271.89,Italy,153,153,271.89,3,1,0,0,0.789978236,1
10813,05/08/2025,05/08/2025,1,3,1,240.54,Portugal,163,163,240.54,3,1,0,0,0.789908017,1
10041,04/22/2025,04/22/2025,1,5,1,238.7,Portugal,179,179,238.7,5,1,0,0,0.789791021,1
10848,04/25/2025,05/16/2025,2,8,2,113.32,France,155,176,56.66,4,2,0,0,0.789501318,1
10617,05/01/2025,05/01/2025,1,6,1,231.06,Italy,170,170,231.06,6,1,0,0,0.789378022,1
10791,04/29/2025,04/29/2025,1,8,1,188.88,United Kingdom,172,172,188.88,8,1,0,0,0.788785747,1
10767,04/28/2025,04/28/2025,1,5,1,81.75,Germany,173,173,81.75,5,1,0,0,0.787362421,1
10228,04/24/2025,04/24/2025,1,1,1,63.21,Belgium,177,177,63.21,1,1,0,0,0.787334256,1
10948,05/09/2025,05/09/2025,1,3,1,229.05,Netherlands,162,162,229.05,3,1,0,0,0.787308538,1
10986,08/04/2025,08/04/2025,1,5,1,93.25,Netherlands,75,75,93.25,5,1,0,0,0.786324382,1
10464,04/24/2025,04/24/2025,1,3,1,267.51,Belgium,177,177,267.51,3,1,0,0,0.785652132,1
10583,05/18/2025,05/18/2025,1,7,1,530.18,Germany,153,153,530.18,7,1,0,0,0.785079544,1
10283,07/13/2025,07/13/2025,1,4,1,69.28,France,97,97,69.28,4,1,0,0,0.784992872,1
10685,05/19/2025,05/19/2025,1,3,1,73.62,Germany,152,152,73.62,3,1,0,0,0.784387021,1
10807,06/19/2025,06/19/2025,1,6,1,472.56,Spain,121,121,472.56,6,1,0,0,0.782755324,1
10959,05/07/2025,05/07/2025,1,3,1,162.48,United Kingdom,164,164,162.48,3,1,0,0,0.782429012,1
10719,04/25/2025,05/12/2025,2,7,2,89.46,France,159,176,44.73,3.5,2,0,0,0.782274007,1
10450,06/28/2025,06/28/2025,1,8,1,65.04,Portugal,112,112,65.04,8,1,0,0,0.782242674,1
10422,05/19/2025,05/19/2025,1,9,1,685.44,France,152,152,685.44,9,1,0,0,0.782073737,1
10240,06/19/2025,06/19/2025,1,2,1,24.24,France,121,121,24.24,2,1,0,0,0.781825281,1
10052,06/19/2025,06/19/2025,1,4,1,359.76,United Kingdom,121,121,359.76,4,1,0,0,0.779720279,1
10432,05/07/2025,05/07/2025,1,9,1,599.31,Germany,164,164,599.31,9,1,0,0,0.779706973,1
10314,09/07/2025,09/07/2025,1,3,1,73.56,Belgium,41,41,73.56,3,1,0,0,0.779699653,1
10015,06/09/2025,06/09/2025,1,3,1,106.74,Germany,131,131,106.74,3,1,0,0,0.779454672,1
10363,08/30/2025,08/30/2025,1,2,1,57.96,Italy,49,49,57.96,2,1,0,0,0.779266923,1
10151,08/12/2025,08/12/2025,1,2,1,84.62,Italy,67,67,84.62,2,1,0,0,0.778936976,1
10859,07/21/2025,07/21/2025,1,6,1,77.64,Spain,89,89,77.64,6,1,0,0,0.778601622,1
10081,05/29/2025,05/29/2025,1,8,1,627.36,Germany,142,142,627.36,8,1,0,0,0.778284802,1
10899,07/13/2025,07/13/2025,1,4,1,108.52,Spain,97,97,108.52,4,1,0,0,0.777531699,1
10524,08/22/2025,08/22/2025,1,4,1,94.4,Italy,57,57,94.4,4,1,0,0,0.777485214,1
10404,07/30/2025,07/30/2025,1,2,1,80.28,Netherlands,80,80,80.28,2,1,0,0,0.777322381,1
10916,06/06/2025,06/06/2025,1,7,1,678.09,Spain,134,134,678.09,7,1,0,0,0.774457427,1
10271,09/25/2025,09/25/2025,1,6,1,53.22,Spain,23,23,53.22,6,1,0,0,0.773885022,1
10327,05/18/2025,05/21/2025,2,7,2,190.57,Spain,150,153,95.285,3.5,2,0,0,0.771872535,1
10357,07/04/2025,07/04/2025,1,4,1,145.4,France,106,106,145.4,4,1,0,0,0.770979489,1
10952,09/10/2025,09/10/2025,1,3,1,66.06,Belgium,38,38,66.06,3,1,0,0,0.770932531,1
10343,05/23/2025,05/23/2025,1,6,1,186.24,Germany,148,148,186.24,6,1,0,0,0.770730923,1
10322,07/10/2025,07/10/2025,1,6,1,339.36,Portugal,100,100,339.36,6,1,0,0,0.770604693,1
10626,09/17/2025,09/17/2025,1,7,1,68.18,Spain,31,31,68.18,7,1,0,0,0.770453735,1
10220,06/11/2025,06/11/2025,1,8,1,297.6,Germany,129,129,297.6,8,1,0,0,0.770149913,1
10098,04/27/2025,04/27/2025,1,1,1,97.52,United Kingdom,174,174,97.52,1,1,0,0,0.769605902,1
10088,07/14/2025,07/14/2025,1,2,1,47.64,Spain,96,96,47.64,2,1,0,0,0.769535982,1
10760,04/29/2025,06/15/2025,2,7,2,97.34,Italy,125,172,48.67,3.5,2,0,0,0.769427548,1
10640,08/22/2025,08/22/2025,1,9,1,92.7,Spain,57,57,92.7,9,1,0,0,0.769350173,1
10615,06/01/2025,06/01/2025,1,9,1,241.2,Germany,139,139,241.2,9,1,0,0,0.769015605,1
10672,07/09/2025,07/09/2025,1,5,1,446.3,France,101,101,446.3,5,1,0,0,0.76898629,1
10652,07/05/2025,07/05/2025,1,2,1,116.32,Italy,105,105,116.32,2,1,0,0,0.768842955,1
10624,08/09/2025,08/09/2025,1,6,1,407.46,France,70,70,407.46,6,1,0,0,0.768403661,1
10735,07/15/2025,07/15/2025,1,9,1,309.33,Belgium,95,95,309.33,9,1,0,0,0.76806729,1
10087,05/15/2025,05/15/2025,1,3,1,175.89,Germany,156,156,175.89,3,1,0,0,0.767080795,1
10177,09/25/2025,09/25/2025,1,4,1,92.24,Belgium,23,23,92.24,4,1,0,0,0.766926394,1
10880,09/21/2025,09/21/2025,1,5,1,93.15,Portugal,27,27,93.15,5,1,0,0,0.766521866,1
10770,08/22/2025,08/22/2025,1,5,1,68.15,France,57,57,68.15,5,1,0,0,0.766228185,1
10258,08/01/2025,08/01/2025,1,5,1,340.65,Italy,78,78,340.65,5,1,0,0,0.766027183,1
10782,07/09/2025,07/09/2025,1,4,1,34.28,Italy,101,101,34.28,4,1,0,0,0.765957508,1
10523,05/19/2025,05/19/2025,1,8,1,693.68,Portugal,152,152,693.68,8,1,0,0,0.76593288,1
10018,06/14/2025,06/14/2025,1,9,1,293.85,Germany,126,126,293.85,9,1,0,0,0.765915897,1
10991,08/14/2025,08/14/2025,1,4,1,371.44,Spain,65,65,371.44,4,1,0,0,0.765827488,1
10478,07/13/2025,07/13/2025,1,3,1,124.53,Spain,97,97,124.53,3,1,0,0,0.765731726,1
10547,07/09/2025,07/09/2025,1,5,1,210.15,Italy,101,101,210.15,5,1,0,0,0.764971043,1
10419,07/05/2025,07/05/2025,1,3,1,252.45,Portugal,105,105,252.45,3,1,0,0,0.764909812,1
10142,07/13/2025,07/13/2025,1,5,1,203.7,Netherlands,97,97,203.7,5,1,0,0,0.764659891,1
10433,07/09/2025,07/09/2025,1,2,1,111.1,Italy,101,101,111.1,2,1,0,0,0.764429799,1
10140,07/29/2025,07/29/2025,1,6,1,115.2,Netherlands,81,81,115.2,6,1,0,0,0.763306895,1
10012,07/12/2025,07/12/2025,1,6,1,243.12,Spain,98,98,243.12,6,1,0,0,0.763277323,1
10698,05/08/2025,06/18/2025,2,2,2,104.75,Italy,122,163,52.375,1,2,0,0,0.763224765,1
10009,06/25/2025,06/25/2025,1,9,1,78.39,Portugal,115,115,78.39,9,1,0,0,0.763118039,1
10954,08/10/2025,08/10/2025,1,2,1,34.62,Portugal,69,69,34.62,2,1,0,0,0.762633663,1
10134,04/25/2025,05/15/2025,2,9,2,570.02,France,156,176,285.01,4.5,2,0,0,0.762620042,1
10150,08/11/2025,08/11/2025,1,4,1,244.6,Spain,68,68,244.6,4,1,0,0,0.762590074,1
10213,07/06/2025,07/06/2025,1,9,1,262.71,Netherlands,104,104,262.71,9,1,0,0,0.762533952,1
10170,05/02/2025,05/02/2025,1,5,1,209.35,Germany,169,169,209.35,5,1,0,0,0.762492552,1
10295,07/31/2025,07/31/2025,1,5,1,417.15,Belgium,79,79,417.15,5,1,0,0,0.762333306,1
10152,06/28/2025,06/28/2025,1,2,1,88.52,Portugal,112,112,88.52,2,1,0,0,0.762272717,1
10637,08/04/2025,08/04/2025,1,4,1,143.28,Spain,75,75,143.28,4,1,0,0,0.76200389,1
10047,07/06/2025,07/06/2025,1,3,1,198.99,Italy,104,104,198.99,3,1,0,0,0.761475432,1
10973,05/14/2025,05/14/2025,1,5,1,200.5,Germany,157,157,200.5,5,1,0,0,0.761120775,1
10463,08/12/2025,08/12/2025,1,7,1,476.28,Spain,67,67,476.28,7,1,0,0,0.761000142,1
10692,08/02/2025,08/02/2025,1,5,1,292.6,Spain,77,77,292.6,5,1,0,0,0.760525093,1
10462,08/11/2025,08/11/2025,1,5,1,301.65,Spain,68,68,301.65,5,1,0,0,0.760318922,1
10962,05/04/2025,05/04/2025,1,7,1,678.09,Germany,167,167,678.09,7,1,0,0,0.76006451,1
10823,07/08/2025,07/08/2025,1,6,1,406.62,United Kingdom,102,102,406.62,6,1,0,0,0.759816327,1
10648,06/29/2025,06/29/2025,1,6,1,196.56,Spain,111,111,196.56,6,1,0,0,0.759448199,1
10842,06/29/2025,06/29/2025,1,8,1,467.12,Netherlands,111,111,467.12,8,1,0,0,0.758349021,1
10598,05/04/2025,05/04/2025,1,9,1,897.93,Spain,167,167,897.93,9,1,0,0,0.758089907,1
10157,08/08/2025,08/08/2025,1,8,1,308.08,Netherlands,71,71,308.08,8,1,0,0,0.75795351,1
10126,09/16/2025,09/16/2025,1,6,1,50.88,United Kingdom,32,32,50.88,6,1,0,0,0.756645559,1
10388,07/24/2025,07/24/2025,1,4,1,341,Netherlands,86,86,341,4,1,0,0,0.756593172,1
10007,08/19/2025,08/19/2025,1,7,1,378.49,Belgium,60,60,378.49,7,1,0,0,0.756321627,1
10594,06/30/2025,06/30/2025,1,7,1,284.69,Portugal,110,110,284.69,7,1,0,0,0.756224129,1
10961,07/06/2025,07/06/2025,1,3,1,221.49,Italy,104,104,221.49,3,1,0,0,0.756142833,1
10063,08/31/2025,08/31/2025,1,9,1,408.51,Italy,48,48,408.51,9,1,0,0,0.755960607,1
10898,08/28/2025,08/28/2025,1,6,1,445.92,Spain,51,51,445.92,6,1,0,0,0.755797228,1
10752,08/06/2025,08/06/2025,1,8,1,537.44,Belgium,73,73,537.44,8,1,0,0,0.755789462,1
10437,08/18/2025,08/18/2025,1,4,1,291.6,Belgium,61,61,291.6,4,1,0,0,0.755458148,1
10027,07/16/2025,07/16/2025,1,2,1,180.88,France,94,94,180.88,2,1,0,0,0.755308693,1
10374,06/22/2025,06/22/2025,1,8,1,143.84,Portugal,118,118,143.84,8,1,0,0,0.755106866,1
10067,07/28/2025,07/28/2025,1,7,1,270.97,France,82,82,270.97,7,1,0,0,0.755083845,1
10934,09/05/2025,09/05/2025,1,5,1,379.2,Netherlands,43,43,379.2,5,1,0,0,0.755028666,1
10907,09/01/2025,09/01/2025,1,9,1,396.36,Spain,47,47,396.36,9,1,0,0,0.755013102,1
10131,08/12/2025,08/12/2025,1,1,1,69.96,Belgium,67,67,69.96,1,1,0,0,0.754837159,1
10465,08/10/2025,08/10/2025,1,7,1,531.16,Italy,69,69,531.16,7,1,0,0,0.75482159,1
10793,08/14/2025,08/14/2025,1,3,1,289.23,Italy,65,65,289.23,3,1,0,0,0.754122098,1
10105,09/04/2025,09/04/2025,1,6,1,366.24,Netherlands,44,44,366.24,6,1,0,0,0.753243622,1
10726,07/05/2025,07/05/2025,1,2,1,161.32,Belgium,105,105,161.32,2,1,0,0,0.753175416,1
10215,08/23/2025,08/23/2025,1,6,1,245.82,Italy,56,56,245.82,6,1,0,0,0.753118524,1
10579,08/15/2025,08/15/2025,1,3,1,213.3,Belgium,64,64,213.3,3,1,0,0,0.753017646,1
10147,07/18/2025,07/18/2025,1,7,1,444.36,Netherlands,92,92,444.36,7,1,0,0,0.75288458,1
10704,08/28/2025,08/28/2025,1,6,1,311.82,Belgium,51,51,311.82,6,1,0,0,0.752821201,1
10319,08/09/2025,08/09/2025,1,5,1,334.25,United Kingdom,70,70,334.25,5,1,0,0,0.752639097,1
10729,09/02/2025,09/02/2025,1,4,1,288.84,Italy,46,46,288.84,4,1,0,0,0.752616363,1
10926,07/22/2025,07/22/2025,1,5,1,184.75,Belgium,88,88,184.75,5,1,0,0,0.752463974,1
10274,07/24/2025,07/24/2025,1,6,1,26.7,Italy,86,86,26.7,6,1,0,0,0.752336702,1
10330,06/05/2025,06/18/2025,2,6,2,346.83,France,122,135,173.415,3,2,0,0,0.752199913,1
10476,09/01/2025,09/01/2025,1,7,1,502.53,Portugal,47,47,502.53,7,1,0,0,0.752193293,1
10387,08/31/2025,08/31/2025,1,4,1,272.92,Netherlands,48,48,272.92,4,1,0,0,0.752009401,1
10338,09/05/2025,09/05/2025,1,5,1,198.95,Portugal,43,43,198.95,5,1,0,0,0.751867989,1
10989,08/13/2025,08/13/2025,1,4,1,219.8,Belgium,66,66,219.8,4,1,0,0,0.751861962,1
10196,04/29/2025,05/24/2025,2,8,2,557.93,Belgium,147,172,278.965,4,2,0,0,0.751857883,1
10775,08/22/2025,08/22/2025,1,1,1,70.39,Spain,57,57,70.39,1,1,0,0,0.751840735,1
10896,08/31/2025,08/31/2025,1,3,1,248.04,Netherlands,48,48,248.04,3,1,0,0,0.751496718,1
10414,08/19/2025,08/19/2025,1,2,1,111.44,Italy,60,60,111.44,2,1,0,0,0.751370908,1
10687,05/23/2025,05/23/2025,1,1,1,98.87,Germany,148,148,98.87,1,1,0,0,0.75115325,1
10055,08/01/2025,08/01/2025,1,9,1,181.44,France,78,78,181.44,9,1,0,0,0.751137004,1
10136,04/25/2025,05/05/2025,2,17,2,994.38,Italy,166,176,497.19,8.5,2,0,0,0.751070669,1
10189,06/28/2025,06/28/2025,1,4,1,380.96,Spain,112,112,380.96,4,1,0,0,0.750283997,1
10530,06/14/2025,06/14/2025,1,2,1,10.36,Italy,126,126,10.36,2,1,0,0,0.750007954,1
10678,05/24/2025,05/24/2025,1,2,1,10.22,Netherlands,147,147,10.22,2,1,0,0,0.749730616,1
10498,07/26/2025,07/26/2025,1,5,1,170.8,France,84,84,170.8,5,1,0,0,0.749431915,1
10630,05/03/2025,05/03/2025,1,9,1,796.77,Portugal,168,168,796.77,9,1,0,0,0.749149627,1
10407,09/29/2025,09/29/2025,1,4,1,40.24,Italy,19,19,40.24,4,1,0,0,0.748826244,1
10308,08/20/2025,08/20/2025,1,5,1,204.95,Netherlands,59,59,204.95,5,1,0,0,0.748599112,1
10756,09/21/2025,09/21/2025,1,6,1,324.72,Spain,27,27,324.72,6,1,0,0,0.748338116,1
10686,08/26/2025,08/26/2025,1,1,1,93.03,Italy,53,53,93.03,1,1,0,0,0.748204787,1
10286,08/08/2025,08/08/2025,1,1,1,72.05,France,71,71,72.05,1,1,0,0,0.748085645,1
10155,08/11/2025,08/11/2025,1,6,1,124.26,United Kingdom,68,68,124.26,6,1,0,0,0.748021838,1
10051,06/27/2025,06/27/2025,1,4,1,246.24,Italy,113,113,246.24,4,1,0,0,0.74731661,1
10700,09/18/2025,09/18/2025,1,5,1,320.5,Italy,30,30,320.5,5,1,0,0,0.747054658,1
10244,07/25/2025,07/25/2025,1,3,1,209.16,Belgium,85,85,209.16,3,1,0,0,0.746776879,1
10389,05/22/2025,05/26/2025,2,6,2,378.84,Italy,145,149,189.42,3,2,0,0,0.746473528,1
10489,07/09/2025,07/09/2025,1,7,1,565.88,United Kingdom,101,101,565.88,7,1,0,0,0.746013249,1
10113,08/03/2025,08/03/2025,1,3,1,143.1,France,76,76,143.1,3,1,0,0,0.745846274,1
10939,08/28/2025,08/28/2025,1,2,1,151.24,Spain,51,51,151.24,2,1,0,0,0.745188666,1
10945,09/30/2025,09/30/2025,1,1,1,66.63,Italy,18,18,66.63,1,1,0,0,0.745015365,1
10328,08/12/2025,08/12/2025,1,3,1,167.91,France,67,67,167.91,3,1,0,0,0.744803811,1
10187,07/26/2025,07/26/2025,1,1,1,60.52,France,84,84,60.52,1,1,0,0,0.744433907,1
10375,05/16/2025,06/13/2025,2,3,2,112.87,Germany,127,155,56.435,1.5,2,0,0,0.744396099,1
10574,06/21/2025,06/21/2025,1,2,1,139.7,Spain,119,119,139.7,2,1,0,0,0.744220119,1
10627,09/02/2025,09/02/2025,1,5,1,34.7,United Kingdom,46,46,34.7,5,1,0,0,0.743732857,1
10311,09/23/2025,09/23/2025,1,6,1,493.2,Spain,25,25,493.2,6,1,0,0,0.743721915,1
10183,10/04/2025,10/04/2025,1,1,1,66.62,Portugal,14,14,66.62,1,1,0,0,0.743429918,1
10385,09/08/2025,09/08/2025,1,2,1,111.58,Belgium,40,40,111.58,2,1,0,0,0.743253654,1
10318,07/19/2025,07/19/2025,1,8,1,307.76,Netherlands,91,91,307.76,8,1,0,0,0.743225522,1
10552,06/23/2025,06/23/2025,1,4,1,244.44,Italy,117,117,244.44,4,1,0,0,0.743149642,1
10180,09/16/2025,09/16/2025,1,5,1,237.5,Italy,32,32,237.5,5,1,0,0,0.742858085,1
10851,06/22/2025,06/22/2025,1,4,1,371.16,Portugal,118,118,371.16,4,1,0,0,0.742496986,1
10866,08/12/2025,08/12/2025,1,3,1,110.16,United Kingdom,67,67,110.16,3,1,0,0,0.742390896,1
10712,10/03/2025,10/03/2025,1,3,1,178.17,Italy,15,15,178.17,3,1,0,0,0.742245938,1
10002,07/12/2025,07/12/2025,1,1,1,35.45,France,98,98,35.45,1,1,0,0,0.742027878,1
10492,09/16/2025,09/16/2025,1,7,1,533.47,Portugal,32,32,533.47,7,1,0,0,0.741764793,1
10575,09/28/2025,09/28/2025,1,4,1,291.32,Spain,20,20,291.32,4,1,0,0,0.74167427,1
10649,08/18/2025,08/18/2025,1,8,1,605.36,Portugal,61,61,605.36,8,1,0,0,0.741334,1
10974,07/26/2025,07/26/2025,1,8,1,383.76,United Kingdom,84,84,383.76,8,1,0,0,0.74124207,1
10810,07/12/2025,07/12/2025,1,2,1,139.7,United Kingdom,98,98,139.7,2,1,0,0,0.7412022,1
10601,09/28/2025,09/28/2025,1,2,1,34.62,Spain,20,20,34.62,2,1,0,0,0.74115361,1
10023,07/03/2025,07/03/2025,1,5,1,483,Germany,107,107,483,5,1,0,0,0.740892451,1
10378,07/22/2025,07/22/2025,1,3,1,297.63,Netherlands,88,88,297.63,3,1,0,0,0.74048156,1
10456,09/24/2025,09/24/2025,1,6,1,261.84,Belgium,24,24,261.84,6,1,0,0,0.740423375,1
10734,09/09/2025,09/09/2025,1,6,1,378.18,United Kingdom,39,39,378.18,6,1,0,0,0.74010681,1
10229,09/19/2025,09/19/2025,1,2,1,169.98,Italy,29,29,169.98,2,1,0,0,0.739970386,1
10727,09/23/2025,09/23/2025,1,9,1,560.52,Italy,25,25,560.52,9,1,0,0,0.73995814,1
10651,10/02/2025,10/02/2025,1,2,1,37.66,Spain,16,16,37.66,2,1,0,0,0.739806237,1
10376,07/13/2025,07/13/2025,1,2,1,67.6,Germany,97,97,67.6,2,1,0,0,0.739573748,1
10107,09/08/2025,09/08/2025,1,4,1,135.52,France,40,40,135.52,4,1,0,0,0.73825081,1
10236,08/20/2025,08/20/2025,1,8,1,616.08,Portugal,59,59,616.08,8,1,0,0,0.737987222,1
10628,04/24/2025,05/14/2025,2,8,2,421.68,Belgium,157,177,210.84,4,2,0,0,0.737974787,1
10546,05/30/2025,05/30/2025,2,4,2,64.4,Portugal,141,141,32.2,2,2,0,0,0.737926078,1
10057,10/02/2025,10/02/2025,1,4,1,373.16,France,16,16,373.16,4,1,0,0,0.737884889,1
10671,09/22/2025,09/22/2025,1,9,1,210.87,Italy,26,26,210.87,9,1,0,0,0.737742937,1
10395,09/11/2025,09/11/2025,1,6,1,110.46,France,37,37,110.46,6,1,0,0,0.737406091,1
10452,09/28/2025,09/28/2025,1,9,1,270.72,Netherlands,20,20,270.72,9,1,0,0,0.737357596,1
10093,06/21/2025,06/21/2025,1,5,1,164.3,Spain,119,119,164.3,5,1,0,0,0.737200388,1
10153,09/30/2025,09/30/2025,1,3,1,127.47,Spain,18,18,127.47,3,1,0,0,0.736804907,1
10571,06/29/2025,06/29/2025,1,8,1,647.44,France,111,111,647.44,8,1,0,0,0.736600127,1
10064,09/22/2025,09/22/2025,1,6,1,594.18,Netherlands,26,26,594.18,6,1,0,0,0.736489077,1
10449,08/18/2025,08/18/2025,1,3,1,252.42,United Kingdom,61,61,252.42,3,1,0,0,0.736013074,1
10653,09/23/2025,09/23/2025,1,2,1,24.48,Netherlands,25,25,24.48,2,1,0,0,0.735521408,1
10795,07/20/2025,07/20/2025,1,7,1,349.86,United Kingdom,90,90,349.86,7,1,0,0,0.73533386,1
10073,09/08/2025,09/08/2025,1,8,1,229.28,Italy,40,40,229.28,8,1,0,0,0.734978121,1
10603,08/27/2025,08/27/2025,1,9,1,120.87,France,52,52,120.87,9,1,0,0,0.734711957,1
10797,06/25/2025,06/25/2025,1,5,1,439.9,Belgium,115,115,439.9,5,1,0,0,0.734089679,1
10358,09/11/2025,09/11/2025,1,6,1,576.42,France,37,37,576.42,6,1,0,0,0.7339612,1
10086,06/07/2025,06/13/2025,2,13,2,718.26,Belgium,127,133,359.13,6.5,2,0,0,0.733898082,1
10889,09/24/2025,09/24/2025,1,5,1,174.3,France,24,24,174.3,5,1,0,0,0.73381866,1
10030,08/19/2025,08/19/2025,1,1,1,76.56,United Kingdom,60,60,76.56,1,1,0,0,0.733479264,1
10730,05/30/2025,05/30/2025,1,8,1,783.68,Italy,141,141,783.68,8,1,0,0,0.732883785,1
10743,09/15/2025,09/15/2025,1,8,1,24.08,Belgium,33,33,24.08,8,1,0,0,0.732718141,1
10681,05/15/2025,05/15/2025,1,1,1,2.67,France,156,156,2.67,1,1,0,0,0.732497474,1
10613,07/14/2025,07/14/2025,1,1,1,16.12,Belgium,96,96,16.12,1,1,0,0,0.731518475,1
10145,09/17/2025,09/17/2025,1,9,1,598.95,Netherlands,31,31,598.95,9,1,0,0,0.731453225,1
10912,07/18/2025,07/18/2025,1,7,1,411.04,Germany,92,92,411.04,7,1,0,0,0.73111933,1
10296,09/09/2025,09/09/2025,1,2,1,115.06,France,39,39,115.06,2,1,0,0,0.730924749,1
10058,09/21/2025,09/21/2025,1,5,1,426.8,United Kingdom,27,27,426.8,5,1,0,0,0.730329874,1
10953,08/16/2025,08/16/2025,1,4,1,346.28,Germany,63,63,346.28,4,1,0,0,0.730261169,1
10075,07/29/2025,07/29/2025,1,1,1,25.27,Italy,81,81,25.27,1,1,0,0,0.729475971,1
10975,08/05/2025,08/05/2025,1,4,1,271.72,Germany,74,74,271.72,4,1,0,0,0.729252882,1
10679,10/02/2025,10/02/2025,1,8,1,609.52,Belgium,16,16,609.52,8,1,0,0,0.729204866,1
10840,10/05/2025,10/05/2025,1,3,1,67.47,United Kingdom,13,13,67.47,3,1,0,0,0.72914151,1
10199,07/03/2025,07/03/2025,1,5,1,17.95,Germany,107,107,17.95,5,1,0,0,0.728893841,1
10307,07/27/2025,07/27/2025,1,6,1,579.84,United Kingdom,83,83,579.84,6,1,0,0,0.72843251,1
10609,08/08/2025,08/08/2025,1,8,1,319.68,Germany,71,71,319.68,8,1,0,0,0.728320571,1
10444,07/18/2025,07/18/2025,1,9,1,409.68,Germany,92,92,409.68,9,1,0,0,0.727902355,1
10862,09/03/2025,09/03/2025,1,8,1,294.24,United Kingdom,45,45,294.24,8,1,0,0,0.727691892,1
10069,07/11/2025,07/11/2025,1,4,1,194.44,Germany,99,99,194.44,4,1,0,0,0.726494663,1
10482,08/15/2025,08/15/2025,1,3,1,11.64,Netherlands,64,64,11.64,3,1,0,0,0.726455552,1
10605,06/25/2025,06/25/2025,1,9,1,238.23,Belgium,115,115,238.23,9,1,0,0,0.726272249,1
10269,05/11/2025,07/07/2025,2,13,2,114.8,Italy,103,160,57.4,6.5,2,0,0,0.725565829,1
10722,08/26/2025,08/26/2025,1,3,1,146.34,United Kingdom,53,53,146.34,3,1,0,0,0.725250984,1
10964,09/24/2025,09/24/2025,1,4,1,185.96,United Kingdom,24,24,185.96,4,1,0,0,0.725135837,1
10911,08/01/2025,08/01/2025,1,4,1,107.12,Germany,78,78,107.12,4,1,0,0,0.724871001,1
10696,09/28/2025,09/28/2025,1,2,1,15.18,Italy,20,20,15.18,2,1,0,0,0.724674712,1
10586,06/29/2025,06/29/2025,1,8,1,197.44,Germany,111,111,197.44,8,1,0,0,0.724250364,1
10714,07/21/2025,07/21/2025,1,1,1,44.14,France,89,89,44.14,1,1,0,0,0.724039601,1
10830,09/24/2025,09/24/2025,1,5,1,111.7,United Kingdom,24,24,111.7,5,1,0,0,0.723112974,1
10878,07/20/2025,07/20/2025,1,6,1,563.52,United Kingdom,90,90,563.52,6,1,0,0,0.721696077,1
10491,09/22/2025,09/22/2025,1,1,1,28.61,Netherlands,26,26,28.61,1,1,0,0,0.720608626,1
10634,07/30/2025,07/30/2025,1,1,1,28.65,France,80,80,28.65,1,1,0,0,0.719575079,1
10706,05/08/2025,05/08/2025,1,1,1,4.32,Portugal,163,163,4.32,1,1,0,0,0.719534896,1
10909,09/21/2025,09/21/2025,1,3,1,21.27,United Kingdom,27,27,21.27,3,1,0,0,0.719532842,1
10484,05/23/2025,07/02/2025,2,8,2,635.73,France,108,148,317.865,4,2,0,0,0.719232742,1
10477,06/24/2025,06/24/2025,1,9,1,231.03,United Kingdom,116,116,231.03,9,1,0,0,0.719214802,1
10020,04/27/2025,06/12/2025,2,17,2,1312.65,Portugal,128,174,656.325,8.5,2,0,0,0.719169055,1
10548,05/18/2025,05/18/2025,1,1,1,5.85,Netherlands,153,153,5.85,1,1,0,0,0.718869093,1
10043,05/07/2025,05/07/2025,1,1,1,4.2,Italy,164,164,4.2,1,1,0,0,0.717930935,1
10446,10/12/2025,10/12/2025,1,3,1,82.02,Belgium,6,6,82.02,3,1,0,0,0.717143456,1
10424,08/04/2025,08/04/2025,1,1,1,28.82,United Kingdom,75,75,28.82,1,1,0,0,0.716919768,1
10557,06/16/2025,06/16/2025,1,9,1,765.99,Spain,124,124,765.99,9,1,0,0,0.716145759,1
10707,09/22/2025,09/22/2025,1,2,1,11.86,Netherlands,26,26,11.86,2,1,0,0,0.715734752,1
10038,08/07/2025,08/07/2025,1,8,1,705.28,Italy,72,72,705.28,8,1,0,0,0.715461824,1
10996,10/04/2025,10/04/2025,1,9,1,288.27,United Kingdom,14,14,288.27,9,1,0,0,0.715355444,1
10265,06/21/2025,06/21/2025,1,1,1,43.02,United Kingdom,119,119,43.02,1,1,0,0,0.715186354,1
10857,08/23/2025,08/23/2025,1,8,1,688.72,Netherlands,56,56,688.72,8,1,0,0,0.714940421,1
10590,10/06/2025,10/06/2025,1,2,1,180.46,Italy,12,12,180.46,2,1,0,0,0.71468136,1
10643,05/08/2025,06/10/2025,2,13,2,772.81,Italy,130,163,386.405,6.5,2,0,0,0.714253996,1
10737,06/25/2025,06/25/2025,1,1,1,58.61,United Kingdom,115,115,58.61,1,1,0,0,0.71424348,1
10205,08/22/2025,08/22/2025,1,7,1,486.01,Germany,57,57,486.01,7,1,0,0,0.713997293,1
10806,07/28/2025,07/28/2025,1,3,1,24.33,Germany,82,82,24.33,3,1,0,0,0.713803506,1
10553,06/05/2025,07/30/2025,2,10,2,98.39,France,80,135,49.195,5,2,0,0,0.713311405,1
10070,08/20/2025,08/20/2025,1,3,1,98.28,Germany,59,59,98.28,3,1,0,0,0.713203895,1
10781,08/17/2025,08/17/2025,1,3,1,271.11,Germany,62,62,271.11,3,1,0,0,0.712446886,1
10401,10/07/2025,10/07/2025,1,2,1,93.98,United Kingdom,11,11,93.98,2,1,0,0,0.712234784,1
10901,05/21/2025,07/31/2025,2,10,2,101.32,Netherlands,79,150,50.66,5,2,0,0,0.711239782,1
10863,06/23/2025,06/23/2025,1,5,1,209.8,Germany,117,117,209.8,5,1,0,0,0.710692024,1
10927,09/07/2025,09/07/2025,1,7,1,421.12,Germany,41,41,421.12,7,1,0,0,0.710263544,1
10418,10/07/2025,10/07/2025,1,5,1,309.6,Spain,11,11,309.6,5,1,0,0,0.70973647,1
10499,05/10/2025,06/08/2025,2,14,2,514.99,Germany,132,161,257.495,7,2,0,0,0.708819188,1
10146,05/13/2025,06/19/2025,2,10,2,497.13,Italy,121,158,248.565,5,2,0,0,0.708580327,1
10108,06/22/2025,06/22/2025,1,9,1,257.58,Germany,118,118,257.58,9,1,0,0,0.708532056,1
10621,06/06/2025,07/11/2025,2,11,2,630.65,Italy,99,134,315.325,5.5,2,0,0,0.707736672,1
10184,10/08/2025,10/08/2025,1,1,1,58.12,Italy,10,10,58.12,1,1,0,0,0.707664335,1
10250,09/25/2025,09/25/2025,1,8,1,680.32,Portugal,23,23,680.32,8,1,0,0,0.706291458,1
10824,10/07/2025,10/07/2025,1,7,1,144.76,Spain,11,11,144.76,7,1,0,0,0.706046791,1
10117,07/02/2025,07/16/2025,2,10,2,614.78,France,94,108,307.39,5,2,0,0,0.705133693,1
10172,09/25/2025,09/25/2025,1,2,1,161.86,United Kingdom,23,23,161.86,2,1,0,0,0.704401385,1
10135,09/24/2025,09/24/2025,1,2,1,162.56,United Kingdom,24,24,162.56,2,1,0,0,0.703231267,1
10317,07/19/2025,07/19/2025,1,5,1,160.15,Germany,91,91,160.15,5,1,0,0,0.702286807,1
10505,10/16/2025,10/16/2025,1,6,1,16.92,Belgium,2,2,16.92,6,1,0,0,0.70220747,1
10365,05/07/2025,07/02/2025,2,7,2,541.18,Spain,108,164,270.59,3.5,2,0,0,0.701200771,1
10293,05/19/2025,06/19/2025,2,16,2,1422.03,France,121,152,711.015,8,2,0,0,0.700930051,1
10616,04/23/2025,06/17/2025,2,16,2,1377.2,Belgium,123,178,688.6,8,2,0,0,0.700026649,1
10536,05/29/2025,07/14/2025,2,10,2,678.62,Italy,96,142,339.31,5,2,0,0,0.699395314,1
10622,05/23/2025,06/24/2025,2,7,2,219.44,Belgium,116,148,109.72,3.5,2,0,0,0.699250118,1
10219,04/29/2025,06/17/2025,2,14,2,1055.39,Germany,123,172,527.695,7,2,0,0,0.699158069,1
10891,10/17/2025,10/17/2025,1,5,1,335.25,Netherlands,1,1,335.25,5,1,0,0,0.698030098,1
10270,06/13/2025,07/15/2025,2,9,2,562.01,Netherlands,95,127,281.005,4.5,2,0,0,0.697678388,1
10092,06/17/2025,06/23/2025,2,9,2,657.63,Belgium,117,123,328.815,4.5,2,0,0,0.697241347,1
10871,07/11/2025,07/11/2025,1,9,1,744.48,Netherlands,99,99,744.48,9,1,0,0,0.696793906,1
10053,09/04/2025,09/04/2025,1,2,1,176.98,Germany,44,44,176.98,2,1,0,0,0.696543611,1
10549,05/21/2025,07/14/2025,2,7,2,495.11,France,96,150,247.555,3.5,2,0,0,0.695619811,1
10508,08/23/2025,08/23/2025,1,9,1,239.49,Germany,56,56,239.49,9,1,0,0,0.69553102,1
10191,10/07/2025,10/07/2025,1,8,1,344.96,United Kingdom,11,11,344.96,8,1,0,0,0.693363407,1
10587,10/08/2025,10/08/2025,1,5,1,126.7,Italy,10,10,126.7,5,1,0,0,0.692852241,1
10248,06/10/2025,08/06/2025,2,16,2,636.35,France,73,130,318.175,8,2,0,0,0.692666962,1
10195,10/09/2025,10/09/2025,1,6,1,504.36,France,9,9,504.36,6,1,0,0,0.692041115,1
10373,10/11/2025,10/11/2025,1,2,1,44.08,Belgium,7,7,44.08,2,1,0,0,0.691879043,1
10597,10/04/2025,10/04/2025,1,9,1,517.41,Germany,14,14,517.41,9,1,0,0,0.691783777,1
10765,10/11/2025,10/11/2025,1,5,1,384.55,Spain,7,7,384.55,5,1,0,0,0.691059098,1
10941,06/17/2025,07/31/2025,2,10,2,192.73,France,79,123,96.365,5,2,0,0,0.690718176,1
10494,10/09/2025,10/09/2025,1,2,1,182.06,Portugal,9,9,182.06,2,1,0,0,0.68965099,1
10316,05/28/2025,06/25/2025,2,6,2,318.57,France,115,143,159.285,3,2,0,0,0.688205737,1
10820,10/12/2025,10/12/2025,1,2,1,26.62,Portugal,6,6,26.62,2,1,0,0,0.68805436,1
10566,09/30/2025,09/30/2025,1,3,1,276.87,Germany,18,18,276.87,3,1,0,0,0.68771954,1
10924,10/10/2025,10/10/2025,1,4,1,328.24,Italy,8,8,328.24,4,1,0,0,0.687382481,1
10663,05/13/2025,07/03/2025,2,8,2,612.88,Germany,107,158,306.44,4,2,0,0,0.687305688,1
10426,04/29/2025,06/30/2025,2,5,2,146.04,Germany,110,172,73.02,2.5,2,0,0,0.686790389,1
10400,10/17/2025,10/17/2025,1,4,1,222.32,Netherlands,1,1,222.32,4,1,0,0,0.685683913,1
10445,05/10/2025,08/28/2025,2,5,2,102.81,Netherlands,51,161,51.405,2.5,2,0,0,0.685350198,1
10412,10/17/2025,10/17/2025,1,1,1,23.43,Netherlands,1,1,23.43,1,1,0,0,0.684737184,1
10983,05/09/2025,06/25/2025,2,6,2,271.2,Netherlands,115,162,135.6,3,2,0,0,0.684311134,1
10112,10/16/2025,10/16/2025,1,1,1,47.04,Netherlands,2,2,47.04,1,1,0,0,0.683589973,1
10164,06/22/2025,08/26/2025,2,4,2,101.05,Netherlands,53,118,50.525,2,2,0,0,0.683096897,1
10629,05/25/2025,06/30/2025,2,8,2,377.58,Netherlands,110,146,188.79,4,2,0,0,0.682546415,1
10368,05/10/2025,06/22/2025,2,13,2,793.98,Belgium,118,161,396.99,6.5,2,0,0,0.681481484,1
10483,10/16/2025,10/16/2025,1,3,1,74.61,Germany,2,2,74.61,3,1,0,0,0.681094771,1
10519,05/17/2025,06/25/2025,2,12,2,285.69,Netherlands,115,154,142.845,6,2,0,0,0.680947663,1
10545,06/13/2025,07/03/2025,3,9,3,230.7,United Kingdom,107,127,76.9,3,3,0,0,0.680727011,1
10874,07/14/2025,08/11/2025,2,8,2,585,Italy,68,96,292.5,4,2,0,0,0.680495974,1
10890,05/15/2025,07/23/2025,2,13,2,568.85,Netherlands,87,156,284.425,6.5,2,0,0,0.680450023,1
10268,05/30/2025,08/01/2025,2,8,2,72.24,Italy,78,141,36.12,4,2,0,0,0.679688974,1
10246,07/13/2025,08/06/2025,2,10,2,524.58,Belgium,73,97,262.29,5,2,0,0,0.679059585,1
10360,05/15/2025,07/09/2025,2,12,2,969.84,Germany,101,156,484.92,6,2,0,0,0.678724672,1
10185,10/01/2025,10/01/2025,1,9,1,632.88,Germany,17,17,632.88,9,1,0,0,0.678263719,1
10072,09/02/2025,09/02/2025,1,8,1,783.04,Netherlands,46,46,783.04,8,1,0,0,0.677192393,1
10690,05/02/2025,09/02/2025,2,5,2,169.97,Belgium,46,169,84.985,2.5,2,0,0,0.677086231,1
10697,06/26/2025,06/26/2025,1,9,1,754.38,Italy,114,114,754.38,9,1,0,0,0.676628223,1
10165,10/02/2025,10/02/2025,1,2,1,135.56,Germany,16,16,135.56,2,1,0,0,0.676281651,1
10021,06/15/2025,07/14/2025,2,7,2,510.97,Germany,96,125,255.485,3.5,2,0,0,0.674917245,1
10266,04/22/2025,07/13/2025,2,11,2,320.97,Belgium,97,179,160.485,5.5,2,0,0,0.674516625,1
10264,06/03/2025,08/15/2025,2,10,2,447.14,France,64,137,223.57,5,2,0,0,0.67450376,1
10913,06/08/2025,08/08/2025,2,8,2,213.59,Netherlands,71,132,106.795,4,2,0,0,0.672655742,1
10267,05/28/2025,09/01/2025,2,12,2,632.12,Italy,47,143,316.06,6,2,0,0,0.67183515,1
10944,06/01/2025,10/18/2025,2,6,2,152.07,France,0,139,76.035,3,2,0,0,0.67169022,1
10661,08/10/2025,09/13/2025,2,12,2,532.32,Belgium,35,69,266.16,6,2,0,0,0.671562381,1
10273,07/30/2025,10/03/2025,2,11,2,605.15,Portugal,15,80,302.575,5.5,2,0,0,0.671020997,1
10326,05/17/2025,09/24/2025,2,9,2,176.82,Italy,24,154,88.41,4.5,2,0,0,0.670907446,1
10746,05/04/2025,08/17/2025,2,6,2,210.63,Netherlands,62,167,105.315,3,2,0,0,0.670751471,1
10748,07/30/2025,09/30/2025,2,3,2,105.85,Belgium,18,80,52.925,1.5,2,0,0,0.670634832,1
10614,06/28/2025,08/19/2025,2,11,2,532.86,France,60,112,266.43,5.5,2,0,0,0.670426453,1
10591,05/01/2025,07/26/2025,2,10,2,461.39,France,84,170,230.695,5,2,0,0,0.670277071,1
10529,05/07/2025,07/31/2025,2,8,2,360.65,Italy,79,164,180.325,4,2,0,0,0.670193185,1
10668,05/10/2025,07/23/2025,2,14,2,861.98,Italy,87,161,430.99,7,2,0,0,0.670085086,1
10520,06/18/2025,08/18/2025,2,14,2,661.33,Portugal,61,122,330.665,7,2,0,0,0.669708436,1
10919,09/15/2025,10/17/2025,2,12,2,583.36,Italy,1,33,291.68,6,2,0,0,0.669705288,1
10443,06/28/2025,07/31/2025,2,7,2,467.1,Belgium,79,112,233.55,3.5,2,0,0,0.66936642,1
10356,06/16/2025,09/30/2025,2,10,2,621.52,Belgium,18,124,310.76,5,2,0,0,0.669127478,1
10439,09/16/2025,09/16/2025,1,9,1,758.16,Belgium,32,32,758.16,9,1,0,0,0.668748466,1
10819,06/09/2025,10/15/2025,2,3,2,125.3,Belgium,3,131,62.65,1.5,2,0,0,0.668748223,1
10049,05/30/2025,06/27/2025,2,13,2,812.77,Germany,113,141,406.385,6.5,2,0,0,0.668484295,1
10291,09/23/2025,09/23/2025,1,9,1,742.86,France,25,25,742.86,9,1,0,0,0.668104556,1
10174,06/05/2025,07/31/2025,2,16,2,378.01,Portugal,79,135,189.005,8,2,0,0,0.667642463,1
10097,08/01/2025,08/21/2025,2,10,2,664.84,France,58,78,332.42,5,2,0,0,0.667367513,1
10946,05/23/2025,08/05/2025,2,12,2,888.44,Belgium,74,148,444.22,6,2,0,0,0.666967154,1
10312,09/24/2025,09/27/2025,2,12,2,550.71,Portugal,21,24,275.355,6,2,0,0,0.666501671,1
10883,05/22/2025,06/21/2025,3,14,3,275.14,Belgium,119,149,91.71333333,4.666666667,3,0,0,0.665930819,1
10904,06/14/2025,08/10/2025,2,10,2,549.86,Germany,69,126,274.93,5,2,0,0,0.664970715,1
10606,07/17/2025,08/01/2025,2,7,2,328.42,Belgium,78,93,164.21,3.5,2,0,0,0.664448318,1
10290,06/06/2025,08/20/2025,2,4,2,350.4,France,59,134,175.2,2,2,0,0,0.664104761,1
10351,06/23/2025,08/15/2025,2,13,2,495.9,Netherlands,64,117,247.95,6.5,2,0,0,0.663529633,1
10865,07/22/2025,07/22/2025,1,2,1,4.22,Netherlands,88,88,4.22,2,1,0,0,0.663271271,1
10100,07/15/2025,07/30/2025,2,12,2,776.43,France,80,95,388.215,6,2,0,0,0.662230017,1
10691,06/07/2025,07/21/2025,2,16,2,1139.77,Belgium,89,133,569.885,8,2,0,0,0.661778644,1
10818,09/26/2025,09/26/2025,1,1,1,14.3,Germany,22,22,14.3,1,1,0,0,0.661076196,1
10854,06/25/2025,09/15/2025,2,8,2,138.95,France,33,115,69.475,4,2,0,0,0.660935758,1
10214,09/17/2025,09/30/2025,2,3,2,179.3,France,18,31,89.65,1.5,2,0,0,0.659922828,1
10826,08/13/2025,10/15/2025,2,6,2,192.35,France,3,66,96.175,3,2,0,0,0.658281471,1
10708,07/11/2025,07/17/2025,2,7,2,449.91,Germany,93,99,224.955,3.5,2,0,0,0.657989814,1
10711,09/02/2025,09/05/2025,2,10,2,553.62,France,43,46,276.81,5,2,0,0,0.656054208,1
10921,09/30/2025,09/30/2025,1,9,1,763.38,France,18,18,763.38,9,1,0,0,0.655581679,1
10870,08/04/2025,09/13/2025,2,9,2,417.67,Belgium,35,75,208.835,4.5,2,0,0,0.65537058,1
10540,06/17/2025,08/19/2025,2,6,2,467.24,Portugal,60,123,233.62,3,2,0,0,0.654905927,1
10297,06/03/2025,08/12/2025,2,10,2,806.62,Belgium,67,137,403.31,5,2,0,0,0.654745218,1
10488,05/02/2025,07/01/2025,2,6,2,266.61,Germany,109,169,133.305,3,2,0,0,0.654374868,1
10495,07/12/2025,08/14/2025,3,10,3,208.38,Spain,65,98,69.46,3.333333333,3,0,0,0.654310513,1
10447,05/26/2025,07/17/2025,2,10,2,737.26,Germany,93,145,368.63,5,2,0,0,0.654304394,1
10163,05/18/2025,08/25/2025,2,10,2,722.39,Belgium,54,153,361.195,5,2,0,0,0.653841401,1
10684,05/16/2025,09/07/2025,2,5,2,176.96,United Kingdom,41,155,88.48,2.5,2,0,0,0.653564892,1
10245,06/25/2025,08/13/2025,2,12,2,840.96,Belgium,66,115,420.48,6,2,0,0,0.653201775,1
10893,05/01/2025,09/05/2025,2,8,2,582.64,Netherlands,43,170,291.32,4,2,0,0,0.653195831,1
10985,06/07/2025,09/29/2025,2,5,2,82.64,France,19,133,41.32,2.5,2,0,0,0.652808055,1
10122,04/25/2025,08/09/2025,2,13,2,1028.85,Italy,70,176,514.425,6.5,2,0,0,0.651395494,1
10749,08/07/2025,09/15/2025,2,13,2,430.73,Netherlands,33,72,215.365,6.5,2,0,0,0.651363,1
10259,06/05/2025,09/06/2025,3,18,3,233.92,France,42,135,77.97333333,6,3,0,0,0.651312874,1
10182,08/27/2025,09/25/2025,2,9,2,465.87,Spain,23,52,232.935,4.5,2,0,0,0.651284819,1
10562,08/03/2025,09/28/2025,2,9,2,442.65,Belgium,20,76,221.325,4.5,2,0,0,0.651149805,1
10847,06/18/2025,08/25/2025,2,8,2,144.69,Germany,54,122,72.345,4,2,0,0,0.650918514,1
10348,05/08/2025,08/28/2025,2,7,2,345.24,Italy,51,163,172.62,3.5,2,0,0,0.650500846,1
10487,05/20/2025,07/28/2025,2,7,2,316.69,Germany,82,151,158.345,3.5,2,0,0,0.650391992,1
10550,09/17/2025,10/13/2025,2,12,2,533.16,France,5,31,266.58,6,2,0,0,0.650217633,1
10006,07/13/2025,08/01/2025,2,9,2,353.07,Germany,78,97,176.535,4.5,2,0,0,0.648120075,1
10515,07/17/2025,08/15/2025,2,13,2,1093.08,Germany,64,93,546.54,6.5,2,0,0,0.647345634,1
10224,05/07/2025,08/02/2025,2,11,2,314.9,Germany,77,164,157.45,5.5,2,0,0,0.647103709,1
10833,06/06/2025,10/17/2025,2,12,2,425.22,France,1,134,212.61,6,2,0,0,0.646783818,1
10304,08/22/2025,09/26/2025,2,16,2,478.64,Netherlands,22,57,239.32,8,2,0,0,0.645994505,1
10928,05/25/2025,09/21/2025,2,10,2,702.7,Spain,27,146,351.35,5,2,0,0,0.645612359,1
10764,08/06/2025,08/08/2025,2,6,2,25.84,Belgium,71,73,12.92,3,2,0,0,0.645565535,1
10094,07/21/2025,09/19/2025,2,15,2,488.31,Belgium,29,89,244.155,7.5,2,0,0,0.645465597,1
10903,04/29/2025,08/05/2025,2,10,2,800.92,Germany,74,172,400.46,5,2,0,0,0.644911251,1
10441,05/30/2025,08/04/2025,2,17,2,1224.13,Belgium,75,141,612.065,8.5,2,0,0,0.643836965,1
10741,07/05/2025,10/01/2025,2,12,2,445.03,Belgium,17,105,222.515,6,2,0,0,0.642976815,1
10556,05/01/2025,07/25/2025,2,7,2,222.06,Germany,85,170,111.03,3.5,2,0,0,0.642406653,1
10367,08/30/2025,10/10/2025,2,5,2,93.6,Netherlands,8,49,46.8,2.5,2,0,0,0.642273008,1
10013,07/13/2025,09/09/2025,2,5,2,388.39,Belgium,39,97,194.195,2.5,2,0,0,0.64204722,1
10425,08/03/2025,09/09/2025,2,12,2,322.36,Portugal,39,76,161.18,6,2,0,0,0.641295403,1
10512,07/23/2025,10/10/2025,2,12,2,476.56,Portugal,8,87,238.28,6,2,0,0,0.640649196,1
10111,06/17/2025,10/01/2025,2,10,2,378.62,Italy,17,123,189.31,5,2,0,0,0.640622058,1
10978,09/05/2025,10/07/2025,2,15,2,390.75,Belgium,11,43,195.375,7.5,2,0,0,0.640545625,1
10611,09/15/2025,09/19/2025,2,15,2,365.28,France,29,33,182.64,7.5,2,0,0,0.639970143,1
10442,08/03/2025,09/03/2025,2,12,2,946.13,France,45,76,473.065,6,2,0,0,0.639591358,1
10604,07/10/2025,07/20/2025,2,17,2,1489.9,Portugal,90,100,744.95,8.5,2,0,0,0.639448523,1
10066,05/13/2025,07/20/2025,2,8,2,273.35,Germany,90,158,136.675,4,2,0,0,0.639047056,1
10116,05/07/2025,09/06/2025,2,13,2,605.82,Germany,42,164,302.91,6.5,2,0,0,0.638661356,1
10223,04/28/2025,09/06/2025,2,11,2,495.15,Spain,42,173,247.575,5.5,2,0,0,0.637199887,1
10323,07/04/2025,09/09/2025,2,16,2,893.96,Italy,39,106,446.98,8,2,0,0,0.637127858,1
10892,06/30/2025,10/08/2025,2,13,2,485.4,Italy,10,110,242.7,6.5,2,0,0,0.636984598,1
10929,05/29/2025,10/05/2025,2,9,2,425.27,Netherlands,13,142,212.635,4.5,2,0,0,0.636362259,1
10659,10/04/2025,10/08/2025,2,10,2,344.99,Italy,10,14,172.495,5,2,0,0,0.635484613,1
10354,05/30/2025,09/13/2025,2,12,2,238.46,Belgium,35,141,119.23,6,2,0,0,0.635298627,1
10803,06/18/2025,09/13/2025,2,12,2,733.98,France,35,122,366.99,6,2,0,0,0.635230567,1
10769,06/04/2025,09/15/2025,2,12,2,957.66,France,33,136,478.83,6,2,0,0,0.634883444,1
10998,09/18/2025,09/23/2025,2,12,2,757.56,Portugal,25,30,378.78,6,2,0,0,0.631551182,1
10115,06/23/2025,10/11/2025,2,17,2,492.56,France,7,117,246.28,8.5,2,0,0,0.630237365,1
10282,09/11/2025,10/16/2025,2,12,2,271.36,Portugal,2,37,135.68,6,2,0,0,0.630039007,1
10762,09/29/2025,10/03/2025,2,4,2,304.73,France,15,19,152.365,2,2,0,0,0.629587595,1
10600,07/05/2025,09/21/2025,2,7,2,223.12,Italy,27,105,111.56,3.5,2,0,0,0.629321222,1
10861,08/08/2025,10/10/2025,2,10,2,565.51,Germany,8,71,282.755,5,2,0,0,0.628736281,1
10324,07/12/2025,08/17/2025,2,9,2,246.08,Germany,62,98,123.04,4.5,2,0,0,0.627784473,1
10235,04/24/2025,09/17/2025,2,4,2,364.72,Spain,31,177,182.36,2,2,0,0,0.626616694,1
10665,07/23/2025,08/27/2025,2,11,2,401.83,Germany,52,87,200.915,5.5,2,0,0,0.625474852,1
10431,05/25/2025,07/26/2025,3,14,3,554.7,Germany,84,146,184.9,4.666666667,3,0,0,0.624449128,1
10231,06/27/2025,08/07/2025,3,20,3,394.87,France,72,113,131.6233333,6.666666667,3,0,0,0.623831254,1
10480,08/21/2025,08/24/2025,2,10,2,433.7,Germany,55,58,216.85,5,2,0,0,0.623818358,1
10065,07/14/2025,09/05/2025,2,16,2,801.84,France,43,96,400.92,8,2,0,0,0.623311556,1
10440,05/09/2025,09/27/2025,2,16,2,1166.39,Portugal,21,162,583.195,8,2,0,0,0.6230677,1
10936,06/07/2025,09/29/2025,2,10,2,425.3,Germany,19,133,212.65,5,2,0,0,0.621401412,1
10599,07/26/2025,08/27/2025,2,15,2,953.25,Germany,52,84,476.625,7.5,2,0,0,0.620867859,1
10581,07/12/2025,09/25/2025,3,7,3,210.87,Italy,23,98,70.29,2.333333333,3,0,0,0.620161706,1
10309,08/21/2025,08/28/2025,2,9,2,436.62,Germany,51,58,218.31,4.5,2,0,0,0.619409134,1
10479,07/13/2025,08/31/2025,2,5,2,206.6,Germany,48,97,103.3,2.5,2,0,0,0.616511796,1
10000,05/01/2025,10/06/2025,4,5,4,120.55,Portugal,12,170,30.1375,1.25,4,0,0,0.616465588,1
10938,05/26/2025,10/15/2025,4,8,4,335.75,Belgium,3,145,83.9375,2,4,0,0,0.614780825,1
10869,08/07/2025,08/26/2025,2,10,2,777.4,Germany,53,72,388.7,5,2,0,0,0.613318494,1
10884,07/04/2025,10/14/2025,3,3,3,124.16,Belgium,4,106,41.38666667,1,3,0,0,0.613009758,1
10886,07/23/2025,07/23/2025,1,1,1,5.42,United Kingdom,87,87,5.42,1,1,0,0,0.612602625,1
10565,04/24/2025,10/14/2025,2,6,2,508.71,Germany,4,177,254.355,3,2,0,0,0.612479802,1
10539,06/26/2025,08/15/2025,3,13,3,533.86,Belgium,64,114,177.9533333,4.333333333,3,0,0,0.612407813,1
10427,04/30/2025,09/23/2025,2,10,2,703.7,Germany,25,171,351.85,5,2,0,0,0.612218675,1
10839,10/17/2025,10/17/2025,1,8,1,758.56,Germany,1,1,758.56,8,1,0,0,0.611513629,1
10798,06/17/2025,09/03/2025,2,9,2,276.97,Germany,45,123,138.485,4.5,2,0,0,0.606968499,1
10831,05/24/2025,09/13/2025,2,6,2,276.98,Germany,35,147,138.49,3,2,0,0,0.606647542,1
10969,05/09/2025,10/03/2025,2,9,2,461.9,United Kingdom,15,162,230.95,4.5,2,0,0,0.605573973,1
10176,08/13/2025,09/03/2025,2,10,2,287.2,Germany,45,66,143.6,5,2,0,0,0.604979426,1
10950,10/09/2025,10/09/2025,1,9,1,815.58,Germany,9,9,815.58,9,1,0,0,0.604662328,1
10421,09/10/2025,09/24/2025,2,13,2,469.55,Germany,24,38,234.775,6.5,2,0,0,0.603469981,1
10380,07/28/2025,09/14/2025,3,14,3,582.39,France,34,82,194.13,4.666666667,3,0,0,0.602213231,1
10645,05/14/2025,07/14/2025,3,13,3,725.04,Germany,96,157,241.68,4.333333333,3,0,0,0.602005159,1
10143,05/25/2025,09/02/2025,3,17,3,550.71,Belgium,46,146,183.57,5.666666667,3,0,0,0.601795099,1
10089,06/08/2025,09/09/2025,3,17,3,530.93,Belgium,39,132,176.9766667,5.666666667,3,0,0,0.600084838,1
10024,07/18/2025,10/07/2025,3,17,3,548.31,France,11,92,182.77,5.666666667,3,0,0,0.597640878,1
10347,09/01/2025,09/13/2025,3,18,3,486.66,France,35,47,162.22,6,3,0,0,0.597617465,1
10620,05/06/2025,09/16/2025,3,13,3,548.4,Italy,32,165,182.8,4.333333333,3,0,0,0.596852602,1
10129,05/20/2025,07/27/2025,3,11,3,877.52,Germany,83,151,292.5066667,3.666666667,3,0,0,0.595767269,1
10885,06/25/2025,09/24/2025,2,4,2,287.34,Germany,24,115,143.67,2,2,0,0,0.595145476,1
10502,05/18/2025,07/10/2025,3,19,3,965.02,Germany,100,153,321.6733333,6.333333333,3,0,0,0.59497544,1
10662,06/27/2025,09/01/2025,3,9,3,498.94,Germany,47,113,166.3133333,3,3,0,0,0.594916833,1
10757,06/03/2025,09/24/2025,3,12,3,346.35,Belgium,24,137,115.45,4,3,0,0,0.593273612,1
10216,05/13/2025,09/20/2025,3,14,3,504.13,Spain,28,158,168.0433333,4.666666667,3,0,0,0.592964168,1
10332,10/12/2025,10/13/2025,2,5,2,409.82,United Kingdom,5,6,204.91,2.5,2,0,0,0.591508887,1
10339,08/21/2025,10/15/2025,3,18,3,485.87,Belgium,3,58,161.9566667,6,3,0,0,0.590229693,1
10272,06/19/2025,09/26/2025,3,15,3,499.63,Belgium,22,121,166.5433333,5,3,0,0,0.590228972,1
10486,06/13/2025,07/24/2025,3,18,3,1632.58,Germany,86,127,544.1933333,6,3,0,0,0.590193706,1
10966,08/10/2025,09/25/2025,3,17,3,670.56,France,23,69,223.52,5.666666667,3,0,0,0.590007008,1
10955,05/23/2025,07/20/2025,3,17,3,819.51,Belgium,90,148,273.17,5.666666667,3,0,0,0.589763278,1
10517,07/05/2025,09/18/2025,3,22,3,292.34,Belgium,30,105,97.44666667,7.333333333,3,0,0,0.589529977,1
10522,05/03/2025,10/06/2025,2,11,2,280.54,Germany,12,168,140.27,5.5,2,0,0,0.588848302,1
10277,05/21/2025,07/24/2025,3,17,3,819.95,Italy,86,150,273.3166667,5.666666667,3,0,0,0.588812662,1
10342,05/14/2025,09/01/2025,3,11,3,326.46,Germany,47,157,108.82,3.666666667,3,0,0,0.588548275,1
10333,06/13/2025,10/04/2025,3,16,3,614.87,Belgium,14,127,204.9566667,5.333333333,3,0,0,0.588364041,1
10888,07/07/2025,09/26/2025,4,20,4,383.39,Italy,22,103,95.8475,5,4,0,0,0.587128577,1
10252,07/12/2025,08/01/2025,3,16,3,1210.94,France,78,98,403.6466667,5.333333333,3,0,0,0.587076976,1
10068,04/26/2025,10/06/2025,2,13,2,236.67,Germany,12,175,118.335,6.5,2,0,0,0.586838323,1
10167,07/08/2025,08/25/2025,3,13,3,661.7,Netherlands,54,102,220.5666667,4.333333333,3,0,0,0.585624683,1
10701,06/14/2025,09/07/2025,3,9,3,690.28,France,41,126,230.0933333,3,3,0,0,0.583995451,1
10849,06/04/2025,10/01/2025,4,14,4,635.2,Germany,17,136,158.8,3.5,4,0,0,0.583260316,1
10984,06/13/2025,10/07/2025,3,17,3,342.81,Italy,11,127,114.27,5.666666667,3,0,0,0.583221702,1
10537,05/25/2025,07/23/2025,3,17,3,1195.2,Belgium,87,146,398.4,5.666666667,3,0,0,0.582225802,1
10084,05/17/2025,10/13/2025,3,14,3,454.72,Belgium,5,154,151.5733333,4.666666667,3,0,0,0.580379385,1
10366,07/16/2025,08/10/2025,3,20,3,1327.33,Belgium,69,94,442.4433333,6.666666667,3,0,0,0.578327378,1
10755,05/06/2025,10/10/2025,3,19,3,353.03,Portugal,8,165,117.6766667,6.333333333,3,0,0,0.576490807,1
10937,04/28/2025,08/13/2025,3,16,3,1289.2,United Kingdom,66,173,429.7333333,5.333333333,3,0,0,0.57552816,1
10208,05/18/2025,07/05/2025,4,27,4,1150.63,France,105,153,287.6575,6.75,4,0,0,0.575240463,1
10420,04/30/2025,10/13/2025,3,13,3,599.32,Italy,5,171,199.7733333,4.333333333,3,0,0,0.574962359,1
10596,06/12/2025,08/03/2025,3,15,3,1151.42,Spain,76,128,383.8066667,5,3,0,0,0.574659129,1
10972,05/28/2025,10/08/2025,3,10,3,676.45,Belgium,10,143,225.4833333,3.333333333,3,0,0,0.574606049,1
10507,06/16/2025,09/13/2025,3,23,3,636.33,Spain,35,124,212.11,7.666666667,3,0,0,0.574007669,1
10346,06/29/2025,08/15/2025,3,14,3,1147.31,Belgium,64,111,382.4366667,4.666666667,3,0,0,0.571298913,1
10633,04/24/2025,09/01/2025,4,26,4,639.26,Germany,47,177,159.815,6.5,4,0,0,0.571104019,1
10221,06/02/2025,09/03/2025,3,11,3,953.52,France,45,138,317.84,3.666666667,3,0,0,0.570554009,1
10171,06/06/2025,10/18/2025,3,21,3,1447.43,Portugal,0,134,482.4766667,7,3,0,0,0.5698266,1
10481,04/27/2025,10/02/2025,3,11,3,443.01,Germany,16,174,147.67,3.666666667,3,0,0,0.56861025,1
10305,07/08/2025,08/26/2025,3,17,3,822.43,Netherlands,53,102,274.1433333,5.666666667,3,0,0,0.56767381,1
10721,05/01/2025,07/11/2025,4,26,4,1697.42,Netherlands,99,170,424.355,6.5,4,0,0,0.567448812,1
10014,06/03/2025,10/04/2025,3,15,3,718.5,Belgium,14,137,239.5,5,3,0,0,0.565106976,1
10344,07/31/2025,09/09/2025,3,12,3,850.86,Belgium,39,79,283.62,4,3,0,0,0.562155596,1
10154,08/17/2025,09/22/2025,3,16,3,1084.3,Belgium,26,62,361.4333333,5.333333333,3,0,0,0.561766904,1
10501,07/15/2025,10/07/2025,4,16,4,466.02,Belgium,11,95,116.505,4,4,0,0,0.56161302,1
10657,05/04/2025,10/15/2025,4,19,4,525.26,Belgium,3,167,131.315,4.75,4,0,0,0.560494921,1
10845,06/24/2025,09/09/2025,3,17,3,1012.72,France,39,116,337.5733333,5.666666667,3,0,0,0.55994236,1
10790,06/10/2025,09/12/2025,3,10,3,897.68,Germany,36,130,299.2266667,3.333333333,3,0,0,0.558581326,1
10074,06/21/2025,09/06/2025,3,18,3,1229.1,France,42,119,409.7,6,3,0,0,0.558398863,1
10110,06/26/2025,09/18/2025,3,19,3,1314.1,Italy,30,114,438.0333333,6.333333333,3,0,0,0.557397625,1
10386,05/08/2025,10/02/2025,3,18,3,786.18,Belgium,16,163,262.06,6,3,0,0,0.555929709,1
10518,05/13/2025,10/08/2025,3,15,3,845.58,Italy,10,158,281.86,5,3,0,0,0.555788487,1
10812,07/04/2025,10/03/2025,3,15,3,1158.45,France,15,106,386.15,5,3,0,0,0.55564531,1
10329,05/03/2025,09/25/2025,3,22,3,1414.26,Belgium,23,168,471.42,7.333333333,3,0,0,0.55496477,1
10125,06/28/2025,09/21/2025,3,17,3,906.24,Belgium,27,112,302.08,5.666666667,3,0,0,0.554642345,1
10918,07/11/2025,09/11/2025,3,12,3,910.39,Belgium,37,99,303.4633333,4,3,0,0,0.553871471,1
10188,07/03/2025,10/10/2025,3,17,3,1008.29,Germany,8,107,336.0966667,5.666666667,3,0,0,0.550763116,1
10558,06/12/2025,09/25/2025,3,17,3,1091.6,Belgium,23,128,363.8666667,5.666666667,3,0,0,0.550390261,1
10588,05/13/2025,10/06/2025,3,18,3,1374.2,Germany,12,158,458.0666667,6,3,0,0,0.550026056,1
10914,05/27/2025,10/11/2025,3,17,3,1021.32,Germany,7,144,340.44,5.666666667,3,0,0,0.549832297,1
10787,05/05/2025,10/16/2025,3,18,3,948.94,Germany,2,166,316.3133333,6,3,0,0,0.54943228,1
10190,06/17/2025,10/01/2025,3,15,3,1100.73,Belgium,17,123,366.91,5,3,0,0,0.545417106,1
10497,07/27/2025,10/07/2025,3,22,3,1184.6,Germany,11,83,394.8666667,7.333333333,3,0,0,0.535984061,1
10610,09/02/2025,10/17/2025,4,18,4,1100.87,United Kingdom,1,46,275.2175,4.5,4,0,0,0.533072529,1
10466,06/26/2025,09/16/2025,4,20,4,990.17,Germany,32,114,247.5425,5,4,0,0,0.529023184,1
10490,06/01/2025,08/22/2025,4,25,4,973.79,Spain,57,139,243.4475,6.25,4,0,0,0.52734832,1
10731,06/17/2025,08/02/2025,4,23,4,1370.91,Portugal,77,123,342.7275,5.75,4,0,0,0.524891486,1
10747,06/17/2025,09/22/2025,4,24,4,947.65,Germany,26,123,236.9125,6,4,0,0,0.522243552,1
10438,07/29/2025,10/14/2025,5,24,4,1487.67,Netherlands,4,81,297.534,4.8,5,0,0,0.519727307,1
10920,05/30/2025,09/04/2025,6,23,6,1666.41,Germany,44,141,277.735,3.833333333,6,0,0,0.517913126,1
10725,07/01/2025,10/15/2025,4,24,4,904.7,Spain,3,109,226.175,6,4,0,0,0.517868069,1
10133,07/17/2025,10/13/2025,4,23,4,1122.75,Portugal,5,93,280.6875,5.75,4,0,0,0.516365315,1
10178,06/14/2025,10/05/2025,4,23,4,1652.56,Germany,13,126,413.14,5.75,4,0,0,0.51408623,1
10034,04/30/2025,10/16/2025,4,18,4,1176.95,Italy,2,171,294.2375,4.5,4,0,0,0.507038353,1
10078,05/22/2025,09/05/2025,4,19,4,1233.04,Spain,43,149,308.26,4.75,4,0,0,0.506803324,1
10428,06/08/2025,10/09/2025,4,19,4,1247.8,Belgium,9,132,311.95,4.75,4,0,0,0.503450024,1
10527,05/13/2025,10/03/2025,4,19,4,1166.94,Netherlands,15,158,291.735,4.75,4,0,0,0.500373571,1
10382,04/28/2025,09/29/2025,4,23,4,1635.64,Germany,19,173,408.91,5.75,4,0,0,0.499261245,0
10541,07/11/2025,10/13/2025,4,20,4,1209.24,United Kingdom,5,99,302.31,5,4,0,0,0.497219365,0
